"time","status","age","income","daily_mins","monthly_logins","variety_score","savings_ratio"
2.77684495410486,1,31.5290732804259,560.051452917196,19.4283180064114,11.2882535000254,3.83416637733463,0.173220307546601
3.02980994280442,1,41.7519909671631,NA,36.000933656144,31.3313160274699,5.7277362861722,0.230706531769434
12,0,18.6776385313862,477.292225090274,44.1150267926993,21.5898902826804,3.64384067343975,0.106950838410917
2.73329185808921,1,32.4036219194366,465.506281868304,58.4566949700522,16.1810250548564,3.90945443517941,0.2343194826716
4.87907035231196,1,39.815396451379,535.748678298925,44.0932849666115,29.4977542694683,8.57730376686823,0.173798656699836
12,0,56.6609702900698,587.129896242989,49.0246438624741,22.4723994298739,4.53792577693355,-0.0461466531149003
12,0,30.5529576246242,701.955731621678,53.069650086208,15.1598735716825,7.74960456968708,0.149253813692636
12,0,35.4240255912556,619.694126904234,49.1199284894172,24.4525132826425,8.28702333029635,0.0809857183711398
2.82104262647839,1,35.6002005878676,588.380318258973,47.7261383277679,20.571678027749,4.24712784460866,0.0322535437081457
3.98796263922424,1,23.7462157145194,619.190291437131,33.6969367199711,16.9438726563376,5.0285685790492,0.1261322816596
1.26668432459669,1,51.8855715967649,628.598387798628,38.833888026748,25.8357633338843,5.24018295318952,0.31987997590895
12,0,25.6047356993185,451.212792357784,36.337682402241,17.9892238356043,3.19606258401616,0.254595929244279
12,0,28.0448658713499,636.430923958055,37.7255097237456,27.4125381226447,4.02357543803458,0.0989320477995671
12,0,41.8474006808754,NA,43.9712626803981,17.2185977685664,5.53100484017616,0.0307927984293433
2.91352992237657,1,45.8650124950104,433.450510160327,41.1373691994003,29.2327233314611,5.36749803333331,0.184106222922397
12,0,51.6209109682829,564.515016198008,40.3709881312853,23.0591783037552,5.3852243331761,0.202202434909286
12,0,29.8333207369947,576.781097690696,54.9198026264637,22.0573102796852,4.73355415913755,0.203466985510037
12,0,36.3169313181477,490.490270137047,23.243450252337,20.3463802241651,4.01662139257143,-0.0381903794332174
2.58744630327112,1,44.8835201072167,507.407592236423,48.0505440796678,15.3057724516148,7.29311133147064,0.230408701921347
7.51683248455507,1,46.8273453831918,564.62381847845,44.3719661524728,24.4883167631467,4.47448586440271,0.174202669180065
12,0,38.0123177577637,345.649149747179,44.175265496165,16.7221212848202,5.21054301163576,0.0550882517742181
12,0,23.3607407263884,591.129343093223,44.8983939067588,21.7729372492145,3.56407149817948,0.0477688863247897
0.894176900050208,1,33.7548709140175,605.539042727003,50.2279382839961,17.3718025173968,4.77207037961041,0.0498183088104115
12,0,18,491.043609443858,41.5793653985524,21.1150056423289,2.16276004793657,0.0824864801224447
10.5923931710223,1,38.3440984672398,479.979078814228,30.0134585103918,18.7522584420925,5.56789990386726,0.199558193089132
12,0,27.7586243510002,590.908691376597,43.3170534529271,18.6096678008963,6.71454847271702,0.247806962015333
12,0,39.1053837718852,520.138152933318,52.1877259863892,21.0175986245382,3.84252055369039,0.124845299732179
12,0,50.9395237082228,614.097578541974,33.8286166636968,16.3445784303537,5.95280358702466,0.152247677814076
12,0,43.9191495400195,792.45213175121,35.3159441707705,11.8650544081295,4.45736938938512,0.200175521056727
5.6649720545614,1,38.4327573102382,469.181107666803,42.7301758410303,25.4877425260181,5.16559819487905,0.110824617005084
12,0,31.8932524806889,464.281868051682,32.1602777859779,11.8506924112073,5.21820681367114,-0.0232950402126276
12,0,60.0379017340718,477.020332747499,54.2297970072803,20.3096338407826,4.88563207218455,0.172266230988482
12,0,24.8204891170565,527.591415928439,43.9456820260308,18.8878851254406,4.81241734247906,0.198656517497432
12,0,41.7595370189718,480.623480864318,36.3997542695406,20.6851894282808,6.11055690189576,0.159533678563935
4.34843899221353,1,42.5738203043441,416.140696988035,40.6973813988366,27.1105560301988,7.53002326954193,0.119473788878686
12,0,33.7560047265899,551.517195803824,47.6655141684649,16.9897679172913,4.41650653264828,0.25333023633144
6.98647259535911,1,18,655.866459328292,45.9368645045059,21.277448089996,4.17248779114192,-0.0321622353784692
12,0,21.8990138704305,583.731528871202,41.2587750694875,27.5485556644713,6.90665418037637,0.447639938355337
0.68649837534594,1,18,441.631735781024,48.5140165262038,31.4586248885459,5.44638973819998,0.342451774542876
1.91526015880802,1,25.0898176132313,415.535790962937,37.0796536576787,22.6013019086205,5.52756328561924,0.239495840821461
12,0,42.6743275230575,299.223155361682,68.4485783340199,19.0631516760303,6.44376802978475,0.175290757759628
12,0,34.8110719275503,900.216481904039,55.1542072271522,18.0012251072891,7.19176813215038,0.204909025822464
12,0,28.6709161458946,759.660406291437,55.2592380536422,19.2987564520638,4.53313566799524,0.4056910641721
12,0,30.6757836530775,462.405736354156,52.3129023595471,19.2667665391392,6.08450151633222,0.172534362883699
12,0,21.3396468251117,554.797919846544,53.6084571646405,22.820872473605,4.47965027976776,0.0260268037568806
12,0,34.3277864671776,556.111324887851,59.9852875886964,23.0838802728664,6.08543768365511,0.273135395214607
12,0,24.4138543689677,NA,62.8047454299561,36.3192317413862,8.86929600073438,-0.0117246197071146
12,0,33.568992690637,357.760564438573,33.0247496546959,25.7516231598014,4.25679029164174,0.0769621932638721
12,0,37.011001947615,444.437728086503,51.9137623889847,20.6296412000772,4.08920192065447,0.278569154027678
3.52170055045407,1,50.2343155591153,586.500713442803,39.6829709806708,15.5929961898782,5.8598352666863,0.283756513982771
12,0,22.7465995595279,429.953098733906,43.9581709815644,17.734094559907,4.20592977116153,0.17609515873749
12,0,37.2851317344771,668.118684363852,52.0147927475429,22.9820805273525,4.85875825842499,0.0973197197137894
12,0,34.8788994941215,779.03643824337,53.928465803831,15.5109949496786,3.34971389807392,0.11841711355284
6.33830389946118,1,43.4646022994828,565.21224261388,16.4850125233448,18.3287686412536,7.53917046928357,0.228798166450723
12,0,31.5201315258262,598.421293707384,41.4228249177742,19.8751126125593,4.55444253613511,0.216336002399281
12,0,47.2628167659505,640.302233167141,54.7927171823211,16.5535455159424,8.09429681831457,0.0936418748772514
0.764076902811504,1,38.1698323956584,702.939800236461,38.3642818585071,18.1966626249468,0.877484282015638,0.257503583694288
1.10684409251574,1,29.7346406078476,335.322344243162,55.1763062657882,22.7308716573334,4.07687104621001,0.458486395314397
12,0,35.4805889729327,455.327102441079,36.6277172852587,25.591465324676,5.68469063488117,0.239835978979533
12,0,50.4271448641733,507.597109506292,48.1701309134749,23.7377629017893,5.30580758549367,0.151971365700995
12,0,28.4556925318081,429.005953363029,54.0900941608885,18.6615166585084,9.4382432846346,0.271063813620437
12,0,36.1689162220168,NA,90.0397138579031,24.315168609853,3.51286085784841,0.112215310098161
12,0,19.3977760374847,570.525303941657,45.4142959038645,14.3003715354834,5.00030190229698,0.212151213219679
8.53495107954357,1,51.2739790700002,696.394146812867,36.049442681756,18.4453278330631,3.15558670681186,0.175086881675334
12,0,18.2999926977101,597.532710654514,40.6527081917592,24.0551534990621,4.8949790014826,0.294367929683805
12,0,18,494.257823067526,34.9017249998642,20.5007411761735,5.04519220755983,0.149313032951514
12,0,39.9690730600099,476.169274941679,45.0073208734188,20.7801254327968,3.05637109866129,-0.00888002792776685
12,0,32.7230332032451,584.429861573448,45.9271773906752,22.3926986318742,3.45788477376431,0.321815585604892
12,0,46.1927234415982,788.149291109956,31.4340465908933,26.8292610218807,4.19592296120888,0.147073090587078
0.124615690123563,1,49.03709092831,369.045092729727,25.4071649798864,25.1843016683676,7.58996657953414,0.145883592495599
12,0,37.9755833250772,398.730496222308,43.9277556475596,21.1485681665007,5.75953820011806,0.0658339944970445
4.15003015343254,1,36.7314286516014,NA,41.4998090415547,16.4966662912243,5.15695638480822,0.288119561676314
5.09134496340359,1,34.2301465674618,671.167519958295,34.4533453739491,6.87766749249625,5.82750262578034,0.0822420754509415
12,0,31.8119921966097,710.904516124738,47.9110683784783,24.8279056296072,9.13348750850011,0.223516981912341
12,0,50.1134368762631,779.773235203532,36.3952260642584,12.3233655789177,4.75262922550603,0.158704696262053
2.92713496701925,1,28.9139033293845,477.009653945083,63.3253380333942,18.0899213660017,4.42499980498511,0.282221042540113
12,0,38.4599320406576,569.280218996013,27.9628927272753,18.4622419124216,3.56499800216073,0.157033037084787
12,0,24.7676954354177,571.49237160231,36.4534583709974,24.8963275266764,6.08599561987951,0.0846752451350892
12,0,36.9402550939258,659.846126976612,55.4088110869699,22.8299288846289,5.07262358923606,0.272927658538955
12,0,40.1445214682761,762.721088278172,47.6571266658802,16.1299423265349,2.60561298236052,0.21982193891872
12,0,38.5386263208479,451.250107101605,48.9291680733092,22.3314123763664,7.09282344505522,0.000815709876144127
5.95358184155004,1,37.6060135115093,173.588355706089,37.518970887162,23.1080774334592,4.68179429736271,0.0914535524275595
4.96218188496029,1,33.9383047877858,294.477881249158,45.0678629125887,18.8003561261869,4.04053615888363,0.188666862822545
12,0,28.4232992222081,679.276977662654,57.4771748684433,23.1082428397424,4.15954952809918,0.152349002589661
12,0,43.5641404975171,603.461665104736,58.8643250736166,23.2679342907942,5.85642985256777,0.0129536988960619
11.4804124746456,1,36.5752871920163,514.578721176748,32.6379287076577,23.751352399955,5.104448910419,0.0570324914720605
12,0,36.0140992785659,537.93541654629,42.0208733900118,21.825936593446,2.10460720610752,0.082372054078017
12,0,31.8285319160525,472.859539290839,52.1737925853854,15.4114031692399,4.73756285315848,0.0916753283454556
12,0,39.2832982016924,526.820997833079,55.1094315227304,23.2089103016071,2.87449445174366,0.207418242443078
12,0,33.3557896135797,373.800443276769,47.3018206067269,13.6035733512938,5.68553887439663,0.168785804994002
12,0,18,748.637990190756,44.3342948489354,14.9534241425979,5.31530623134649,0.171825194446807
12,0,35.9912425572876,656.094628308053,45.8132920954397,19.0999233896919,3.58689008655745,-0.0265534947107886
12,0,25.2860518905573,446.959723487007,50.8798801003769,25.2374627145003,5.42343468262292,0.294253902804899
12,0,21.0260352332351,NA,46.5234645337389,20.4525196404878,3.0907278172926,0.042205549283127
12,0,33.5896433610145,534.258062347188,50.9855398081187,11.2901893051318,7.3869619387111,0.106869849875488
6.54205219832882,1,33.0853127346571,497.384734937225,25.3964667334819,6.59192426896958,4.36428789936225,0.0961758427509579
5.57281594954151,1,28.943315683867,705.508755855847,38.5877338968731,17.7467455221005,3.17399246482088,0.200460876110495
12,0,47.3968982170014,656.294796667938,18.0079427715806,18.7311656865244,4.2071405412736,0.268810440787706
12,0,25.9504064409831,473.997555134652,23.6213597843888,20.7256397234409,5.28223759531461,0.104675817739157
1.73045926051994,1,38.1743573412917,654.403490963514,46.2034030662468,21.6620124654955,4.34940859094475,0.147031335710797
12,0,40.6884522053059,828.648542634951,42.0918208492566,18.7654598580701,7.34515893674355,0.169978809921941
12,0,33.3901225119727,539.138290069507,52.7362206780889,16.1604051743061,3.86319673886391,0.246243513938391
12,0,40.176931747015,NA,39.2482322303306,22.068378459093,5.35864816618592,0.317923878157022
7.06928753808544,1,31.5119054122908,NA,35.8523577744618,5.83754992609935,3.52028020756692,0.0987985962593498
12,0,29.72868773085,652.445345600041,60.0648701652878,27.4597564517086,5.09182048418768,0.059948923956191
12,0,27.5898996935258,432.755690081028,59.4352462052295,24.3790451486635,6.71763411086236,0.165666649480526
12,0,26.641016764314,NA,57.2820440127454,23.6873588432232,1.48447934226857,0.226970280211666
9.08315822692491,1,44.785678562859,NA,30.8536449327523,18.6446143232277,4.271237571179,0.241800244820362
9.59565708744286,1,23.026013541014,578.737192884754,25.9801834674851,16.9324390302341,4.30993797559976,0.299763448530995
7.86394400432521,1,32.967893044717,695.073365459514,39.1812822953601,13.6854395681485,0.89757976651025,0.150501479557954
12,0,37.7088674654499,699.102411195432,48.3842009931111,16.5058562166027,5.09896070166294,0.244582391053626
12,0,37.9340507380295,455.845282379682,47.715051049031,17.7592720150296,5.06096473499746,0.193771780618744
1.23432362145619,1,41.3528027026598,391.18469038573,23.1270704540809,26.2257119824344,6.18945523961496,0.276098661879743
12,0,25.31695284249,649.012238570065,59.3351148033467,23.7360468684472,5.22082094370531,0.144051612933891
12,0,34.5633543164421,361.290973054706,49.6284452373501,24.255285748166,6.02701574575694,0.28231813253221
12,0,50.6382593369286,596.69762839096,47.3277969653449,25.5501389449816,8.0877018170302,0.10650368437622
12,0,55.5609040322491,543.767328762185,35.6771017562096,21.1311407955696,5.88290580731808,0.0884743420674702
10.0272957262897,1,54.1129849281528,578.866580973979,43.3258276073528,23.3820191156256,5.61072715345472,0.203023599550612
12,0,20.7378783361353,739.947219634885,46.9241043867362,22.8506237198893,5.83416604570732,0.152825379247084
12,0,38.2462490151577,636.286133406651,33.4325646816101,18.5209639355685,4.98067948639348,0.14437355751424
12,0,25.5448523802533,341.18945661084,50.071264324855,17.2190042571808,8.35339873958661,0.319938602138906
12,0,33.341571757641,600.884036022715,53.3553347979076,23.0951619846141,5.49130417197018,0.187818464668659
11.5289034211753,1,42.4963860356055,465.50689614323,48.6227561997069,23.1399589589523,4.93913637183746,0.118432169038926
8.16318575316601,1,45.722187353481,388.920424312037,46.354890687532,17.2746586714828,4.24929521692673,0.281889596964133
12,0,46.3931091859381,589.910512154019,48.4818314039727,22.1182658336198,5.16520950948258,0.175278261680021
3.6327579258664,1,30.8210188619168,384.680163304246,47.8078451006027,14.5778707369091,4.61582763450042,0.257842071890847
12,0,21.4124692260263,581.951506787574,44.2543946723172,19.4792414244803,6.9396574519943,0.156527937771807
12,0,27.3232760249206,328.109915210379,37.8882952771081,25.4144165881164,5.74068547973499,0.368827061538661
12,0,52.5318846603849,461.592139806516,185.299829737038,17.2626040786224,5.96535956426772,0.171316626751917
12,0,31.6597843517186,565.074105151951,37.7862312737252,22.8548498826567,6.02354596379387,0.109049378424024
12,0,28.230327228355,466.291647153382,23.1102170348576,5.57348493451508,4.23229590095361,0.120554729518803
6.06487660005917,1,33.9176787282877,441.817298451545,36.8457119902955,15.3345779832687,6.91333475116119,0.216238990899416
12,0,46.489837363915,740.759168225752,44.0431679930866,10.8500121340842,5.60185920476897,0.227787176323399
12,0,42.7208748561437,491.898656868458,215.540775469576,27.1341426298174,6.59882746793483,0.222661086959536
12,0,31.5602074095353,671.704060457553,44.8663540356906,16.1770408756635,7.61310451488297,0.129833311741015
0.674611376175824,1,40.9248814678971,393.498398838649,26.285603713451,20.0079807810336,3.94133325624707,0.483670867326378
12,0,45.6251804507613,587.531636481866,22.6025089989638,11.8177027404641,7.94222129789504,0.127403129613014
12,0,18,358.718977552365,61.2557392922325,17.82540675863,4.428044397249,0.232783135698727
12,0,53.4691411108891,476.819587850675,40.8887156480941,17.0859137328884,5.85070856551707,0.148645232274969
6.66015645466281,1,27.96049510358,447.412745760499,38.6711176309809,13.6705914950511,2.52827472431151,0.257343897239851
7.39489017864728,1,32.8144839378272,425.558865353207,36.4136758418837,21.0617834329756,4.21868597855503,0.242665724538123
12,0,18.4384194159437,494.490272755168,47.9453646011752,20.0884668846609,4.19337201949946,0.0678297894581246
6.00879447566388,1,36.1508858016881,495.706217185073,38.3871970020614,13.4779701692019,4.86178940192456,0.237787041829907
12,0,44.4468110519663,493.201547274727,60.8037124780154,28.3664926573518,6.32533346212277,0.372196763126144
12,0,23.1987850002615,501.682738790329,59.713081541537,19.7620187057557,5.31550430814709,0.150339274115552
12,0,24.4177170709484,388.125124588022,49.2028736336146,25.0820739180922,7.49220899711731,0.429794898016978
12,0,34.2426168692849,642.647567439318,40.364997004629,17.0171339392959,6.63235457064507,0.18545123908059
3.42953138774038,1,41.4557261901177,588.813171481944,39.659930587541,31.1261709497377,3.14372911030627,0.109233023745607
12,0,35.4252744273839,546.478229162445,48.7304537653639,21.582191175867,3.09606046756715,0.10299883603498
5.82399588774853,1,50.1817652953685,702.917327910333,35.7794201480961,11.8256962820164,3.28681337867373,0.107870966915939
12,0,40.7250464459856,598.478081607108,25.7049651645369,15.730472855073,6.05872949603781,0.179644781983906
12,0,41.0016235699925,511.613222005864,35.1069050962089,21.952305612156,6.435340331922,0.0909451639780954
12,0,28.4386638326967,427.539763813678,44.2000652679659,14.599609871433,4.99869463918752,0.115078808824551
12,0,45.6831638085353,323.54595574722,60.1304535984521,17.2404629822846,4.25371834231611,0.185153833582538
12,0,18,527.936198335488,271.565526402748,23.601524741436,6.86778956434054,0.36472766947352
12,0,38.7763943193529,696.933742886522,49.675165193218,25.6068480652248,4.65865943183366,0.117015232849658
12,0,36.1541147571956,694.225737313802,30.7020331735002,22.4372279874016,5.12191773077311,0.0698298790654484
12,0,30.6408487093209,780.379372142127,38.0377197903409,15.7546974728483,3.84827268486206,0.167542333656591
12,0,27.8156120903645,717.313703334367,37.0710028491748,25.0025682505768,5.40582190373476,-0.00624148042277545
12,0,31.4806557089888,489.877201855447,38.3606070826876,25.075031816464,3.83024024709802,0.211879625555323
2.61314479463888,1,23.999442123157,473.101795861962,43.2674869951224,15.602499694911,6.835283016903,0.171082990330778
12,0,35.8093087491321,361.214849564313,57.7624340250227,29.1017797333984,4.02743227196726,0.0573571420735452
12,0,55.4043021974448,677.124834278598,52.650680115487,19.2488905376128,6.2752719770341,0.0172520202599601
12,0,28.3026260987797,754.45779944493,36.638991803545,12.3280326329896,4.81492569370093,0.121966045022698
12,0,19.8937087281128,727.51226054578,39.4759496133938,18.8743170707846,4.11596324170618,0.273130709650502
12,0,48.0459845793466,635.592855576766,54.3131052805497,23.5770479383681,4.7753539950832,0.201375472990414
12,0,39.1653838311127,520.624177515407,57.4359168037199,28.411560693856,7.23680068855103,0.156211622597921
12,0,29.5136088539402,452.864360191003,49.9493925064262,20.6381044607976,4.22441215257195,-0.0474168871622006
12,0,39.5012229504603,352.371352256112,234.458670586566,13.9992682719254,5.07493650332229,0.0442980097720234
12,0,42.8311428815399,668.676389782777,41.2905703108806,22.2722757814575,5.79697095188892,0.225602831390265
12,0,23.665088290472,535.099994682837,46.2391187463624,16.5745963289509,5.53126743521933,0.224845713325359
0.581607255745181,1,31.123800185371,524.650637301226,54.9941347163965,19.0510625553074,4.55350191086274,0.0399454540850265
12,0,42.5553308818769,528.956265413184,48.9065858099657,25.0930930193535,4.54888457006724,0.101227481587772
12,0,45.474566105823,530.425317388131,49.3342858298511,20.5417135942896,6.79296415850557,0.129739838664004
12,0,26.7432913684219,496.914488223298,40.5487684331202,23.7038720695254,6.77568945836237,0.174339312578587
12,0,27.9849916310562,621.454167371526,47.9470640050408,22.0846636359706,3.3488847628078,0.253703469669461
12,0,37.0888132958241,416.69051456368,47.4274883529433,24.7854226798118,1.4864502589045,0.0530920376152471
12,0,18,621.706196953153,32.2964972743387,25.7018270529756,7.09003803165978,0.261830224397122
12,0,47.164256077988,NA,39.0697424061715,17.7588644606723,6.02150715994477,0.113797365159333
2.33972062821611,1,24.4062631059076,614.814272003265,42.4021661518112,13.36944626481,4.35228962756065,0.163729441598806
12,0,19.8756205656471,371.021984049658,30.1750122770178,17.8550549676309,2.81712103482279,0.161689331714911
7.86556682948053,1,36.0511302905278,470.226450841981,51.3258128839727,19.2756352460382,1.65213252765742,0.263358160654291
8.2535694361881,1,44.6689141488108,584.401702019026,43.204317923464,19.261274313811,5.40690563793391,0.115095681546364
4.92726902860222,1,38.394093872289,316.073446030142,33.4897118909732,23.7182013842056,5.99755634709961,0.153238398699484
12,0,30.8248126403026,503.528358123948,51.3941284209338,18.4421210270077,6.02937443532949,0.164038114375903
12,0,41.8484945813005,524.054694604775,80.7183384143905,24.0916364183718,8.47933859022037,0.262818859194595
12,0,48.8591305838967,678.961741791244,66.6410606833292,28.399493205648,5.48802823966913,0.0473323409507015
4.93816612635673,1,38.6729524223019,578.405523136014,28.7332982701778,17.3576411687821,6.91924070740809,0.165412051380531
5.41970750638237,1,22.6639474455704,703.762142638924,39.5321991813834,15.6787976644272,4.0305989612962,0.24776555342443
12,0,33.1197405325162,597.74579314734,35.5491877052674,25.9829566107752,7.58581686412171,0.158677497760508
12,0,45.7029029292033,737.931191822821,31.6335453396002,23.8971926193899,2.98253830414806,0.236600621892107
12,0,31.5691041442309,503.679150107579,40.6064261009418,15.1432316530455,6.00391739038295,0.157999069833887
12,0,20.3598162976274,393.16786880333,37.3276028613833,25.0672684621871,3.59396992341561,0.283994929349717
12,0,33.5706954793702,688.50336106908,35.3247540730103,15.5616671505019,5.25090139631206,0.229118439971662
0.782243989453589,1,24.9545721426285,626.51191998016,42.3504393460326,29.9519299931577,3.00273812617214,0.173921136936621
12,0,21.373210029487,697.268885035995,34.3770184476613,17.2387066574361,3.78965662380712,0.122669442107103
6.27375170365402,1,40.3658600066927,672.236242110258,49.3961913892841,22.8447441307678,5.37656199223683,0.323756269215337
12,0,66.0731667095499,333.226025024498,55.9564520835818,22.312932229495,4.37319569116014,0.039686841940213
12,0,44.0660594822068,713.99067441588,43.376846835143,19.8275001020577,4.66112395487184,0.160948720884412
12,0,34.16372099775,556.076446335525,50.9247049133868,11.2753462571334,5.30787515350081,-0.0672312695309275
10.685382084635,1,49.3642883912576,499.00121754963,43.0106649532232,12.4455977356922,5.21504422860237,0.192932384888497
12,0,36.6520776128459,685.061773892266,36.7940593346796,17.1322364966378,6.9051062379403,0.200471371760568
6.0513981626589,1,32.2805878871028,407.362408096546,46.1971596861565,34.0415247794842,4.98490253994243,0.136289422608001
3.71556988123783,1,44.2108340574133,479.366732382334,20.7303865148037,12.2317175030656,4.07682074129419,0.274828756637081
1.65176375359462,1,36.8703124911446,491.920658395049,33.6960011226021,20.8494468880954,4.55197639489983,0.111356965084456
5.63553433468945,1,23.6174072000957,516.417152650485,34.6140408028238,26.2989732998047,5.25494004201589,0.225301161102981
9.24934504784813,1,27.7581637155628,551.326674369349,43.3027725139313,8.1849831182603,5.69480901999112,0.141775065108525
5.18990931227829,1,34.1213796064832,498.572954715642,46.2542165395844,16.7136357309767,3.29859686073583,0.201272258421101
8.19101642165739,1,35.2886529745079,NA,34.9060875582646,17.4391518125237,4.40810396310509,0.291210540986547
2.49091438345244,1,32.1536754732082,476.674079016744,34.4216220595443,14.7395861816964,4.86824274122685,0.00256063443417698
12,0,45.305885841341,588.475129538405,56.2557957413397,23.3646632832233,6.12902640389871,0.150959720536063
5.57787814605834,1,32.2849465075738,NA,44.4625717010876,19.9877393257847,5.30488213773338,0.236167966893899
12,0,39.787360562975,501.011155119631,44.0759261287443,20.9681235180167,5.51719412820114,0.00411646169589919
12,0,42.6523362083114,556.704406339164,45.7699146897695,17.0095748703825,4.71970369173398,0.132517487350821
12,0,28.3142396988685,656.901675706777,47.0048574995542,16.6072242381827,5.1649265872863,0.283334233393151
9.21239165381282,1,40.9049320849443,387.034931285804,40.8483201921138,27.1487204593445,3.20232268334831,0.0783678718608458
12,0,18,664.76917244142,51.2530677145719,23.9674645989319,5.57876363461322,0.119388363265191
12,0,35.9061209923252,560.046740574301,55.2209737097081,19.7627563023635,8.06932097209722,0.187731618580508
8.13613595783652,1,24.8700012602867,487.228248237705,37.1668517612177,16.1600480752831,2.29997876205681,0.158756319670121
12,0,41.7991094106615,447.113692017259,43.9091999647734,16.7907628541183,6.41144870215,0.14827164833595
5.88757001951254,1,35.2292557095072,380.564265811179,27.9455893182861,24.9998274169912,4.59621045686733,-0.0194634361108229
5.67989544129379,1,41.3420518181557,780.333122755235,37.0599659474077,19.1731490180047,3.59176691531391,0.185497595463357
8.83701774287081,1,36.8042538941717,551.328900216186,34.5122767490564,11.9095638483667,4.09706754030405,0.196196989292009
12,0,34.2667694595556,569.77613254894,51.5429645114004,23.7363238541144,5.94063553140029,0.141323321657589
2.72830069522759,1,30.8785836528643,376.683562607979,51.269923954569,22.1437038715141,2.86854758136472,0.219283418266616
3.35046894535563,1,42.5615386383383,693.965309221511,30.2104426550418,18.4960932565787,7.09161223113816,-0.0618508489391517
12,0,31.8313629370058,391.969887358177,55.6365468927347,21.0699831289978,6.31128555847201,0.0913299097283196
12,0,35.180662510719,578.534000127851,55.5615404173253,21.1930829585037,6.20422397716662,0.0893592373635165
12,0,42.3303794110685,NA,50.2697185637645,27.5690037146963,5.53444942509982,0.365182356357167
12,0,40.8664323946812,529.27766535091,60.0129856432933,16.8710107134528,4.19664724276889,0.103632214040141
12,0,27.5856660984666,440.054761717803,35.9987549306121,22.5462441883202,4.58094453381803,0.156080438092466
1.30020017728318,1,18,371.865060422763,32.4816954282544,24.1641138310478,4.09233861538185,0.0582917562053348
12,0,47.3777039911136,702.675510632743,47.1037398726557,21.3151190307218,7.03701538181987,0.332329999121736
12,0,35.5463596305791,378.32553566472,39.5588858172851,22.6865688624727,2.33723455004474,0.049803295730491
12,0,18,467.098310685118,35.1355028870911,11.8798879156695,4.89232019608774,0.297679289375655
0.336017511408177,1,52.0420280729817,644.258474675818,50.3459877257852,20.0565509657594,7.37717159056573,0.0476736034729498
12,0,19.5768767354806,394.883875638147,52.6513608082821,19.696510284856,6.59076397656364,0.0953334577132883
12,0,43.8059554557494,546.378017492724,51.6527252941925,29.6050810427261,5.36033052495362,0.136547667163928
12,0,57.0402349472601,510.436662194314,22.7803334864433,19.8632674227603,4.55400451319034,0.115084073404436
9.96839920200419,1,39.4242375141331,345.433108566942,35.258844284778,19.4162309040948,5.97258782645238,0.0848035283269143
0.179830742969705,1,36.6090571732117,491.389686648758,54.0198845122262,18.0979279585584,5.81194326455365,0.192171947660082
12,0,30.2697953242612,490.756287901535,37.6056938936451,23.6021274418097,5.10950951648354,0.0340829202879405
12,0,44.4681971212992,603.049907689759,18.7409799841443,13.8282847993395,7.04378759324748,0.117857998458363
12,0,36.3830139407751,500.850544848734,48.2042526591524,19.8692243472752,5.70152232436473,0.121783767702529
12,0,36.8856451344753,333.249416698214,62.6065546961696,23.0492247797887,3.00115508717886,0.150627794227475
2.64659233430405,1,28.8143796300379,687.905093052892,38.3333425929336,17.4638667141419,5.5663959226051,0.357380054380861
12,0,25.4127897231696,495.399465412208,33.4520390822101,18.9125244585856,5.76263701822038,0.151165884099696
12,0,41.7272442771113,593.243704760522,42.1203632278147,25.2110178494957,7.718841680998,0.133098016966429
9.37510579033138,1,42.9410010000022,683.215904675294,47.2459919743412,18.5943024660784,2.59366153769461,0.237307888873093
5.72830308189313,1,25.174671184305,476.417667012746,58.3454826373806,24.0464364012643,7.30044981574553,0.0877374470860955
12,0,21.3459664485969,356.507600628807,39.3702303984066,14.565415310312,4.63638848842133,0.206219481703792
12,0,39.8693848475626,658.059366258857,26.8575556316276,20.9843067325835,5.81448511640007,0.04233741015045
12,0,38.2234485405865,358.63034334108,29.5683640138027,17.9194837587351,3.32257150206769,0.357326086370032
12,0,31.5116791433724,511.599630394299,48.3653513330055,12.4943218723455,6.7764817158793,0.282187633668639
12,0,29.5015690583447,360.090735246316,53.7568336252929,26.7042158991072,6.46134027626007,0.137001547724055
12,0,37.6147090993663,727.300827554708,41.8752251448213,18.7831415788053,4.2181120457665,0.143864267811867
11.4137795793683,1,19.985094799568,666.999222915553,50.9621716396087,12.0393900279436,3.45065987264938,0.15065923026933
12,0,28.9096338954616,590.291987092661,51.7137732016222,18.7372149601153,5.45398039331843,0.268530312367103
11.8676779417784,1,50.3641608393978,644.166949882462,47.4333380770419,30.1143537841329,6.9306276227737,0.230954222235771
4.25460567086516,1,38.1065950829369,591.431070367115,43.1081550939153,21.8276430128658,2.30508932839188,0.232587575673692
4.38646816155309,1,23.1671923374639,295.155879358206,67.1905505232519,31.305431090952,6.52811740017789,0.222912853968918
12,0,26.2793495024073,724.97517480583,39.4511119359529,16.137746615821,4.20524459626977,0.129569979666293
12,0,23.4901242118375,335.300624591241,46.8850977059407,18.9776293969139,6.68127924004785,0.07014577227163
10.6302853155814,1,38.9072187604366,350.926608715817,45.3557980044734,30.4374867842483,6.87198453448253,0.0236263005602992
12,0,33.3025851478846,357.731072358893,59.9107273057522,24.2397473435494,4.22074439468501,0.285536841043382
12,0,24.330071419577,269.659088273937,42.7086470643253,22.3411174536228,6.70218703776809,0.0768062851847199
12,0,31.0515311604098,428.03549345927,43.4108581844817,17.6230622530578,2.38521095604451,0.15055068032959
6.63778351472509,1,48.3833999044141,542.135370483016,47.978540319952,30.1103123767302,5.95762381458301,0.0256920814132429
12,0,20.2893364138972,597.487724376468,34.9850321855409,21.7327576821632,6.46944566084214,0.297045239458312
3.69501297126706,1,27.4750359287741,627.458086792086,29.4307585739192,20.8248223502811,6.36769000994487,0.0971603723285059
12,0,25.929222783861,502.207913374833,48.998467941151,27.5869312155255,8.22253805702195,0.136153827187525
12,0,30.8882842657093,525.629374568638,57.6691755545305,15.959311411509,5.49571175084488,0.0257078641266061
12,0,23.9398959979405,NA,56.6706046013451,9.76241438648922,5.80255778615144,0.020857497583667
12,0,19.2731017220921,NA,62.9170863444821,25.7910266133112,3.16827649447996,0.15571073503031
12,0,57.0134746137687,537.543544169156,54.553456523684,23.0501783663294,2.34222307572602,0.127320133163625
12,0,34.7931916400089,588.7600073739,44.2227772325599,27.6720743010017,7.89727845491661,0.244279977678849
12,0,39.8018556662562,482.728020286987,270.099422561131,29.7314303601685,6.09722798417302,0.261045637195657
12,0,31.0498734603513,363.794461658719,50.6768804199687,24.3523908417009,6.13017275651386,0.109427284657993
12,0,56.6436392509385,665.419939628291,50.4097832390537,20.263373357382,3.81128371475993,0.0901254427666415
7.71266968120863,1,29.7085930841474,506.920950976903,24.9463940134159,16.4413436275251,5.59725685904407,0.186897145408875
3.18353149341863,1,40.9595991226855,730.889330698854,35.7546901696544,17.6245076980016,3.24834351468206,0.235321491636083
12,0,42.661106016501,638.070303634888,23.0563007230108,16.6467046261624,5.47233568984432,0.216071390028866
12,0,42.4360489961606,525.184699264372,48.2622636912884,19.687923711841,5.59217226943056,0.0688219700171915
12,0,39.247086901293,736.223719374035,51.9371024971719,41.292541256119,4.59261619286884,0.202434553388558
5.54420866430415,1,30.5623320732604,464.290925687615,27.7306202394695,15.3314820007464,4.28442483874867,0.320395844487231
12,0,49.5561002163467,377.8474548669,61.5454752107468,24.429694003625,5.55868220818536,0.163293292006849
12,0,26.0783424581345,570.477560831913,59.9077296695087,24.8032149012511,4.99915304602934,0.134774175370052
12,0,49.4703684081648,455.601245157958,63.7044040565355,21.3411927613289,5.86092083402982,0.157141853527872
8.43123395242348,1,38.5351158202415,523.747211037115,40.2587218166952,22.801516271823,2.42230993662554,0.372909292996173
12,0,35.2591553059122,426.54793200213,32.192014529815,28.8061086642588,6.28888923391874,0.096600799892104
6.76196612341394,1,25.1430345355205,637.99216188268,49.1378568271115,14.7126326857553,2.92125207439084,0.274706074252681
12,0,48.3061945315362,328.084992628559,53.8728295767126,22.7411836857211,5.72542298091397,0.300754426634573
12,0,25.4752608082676,316.463264178153,44.3438082148866,23.5944127320481,5.92364508288814,0.198375381274647
12,0,18,506.649005671746,35.9013904707997,19.4457995330722,4.83582903666602,0.139672407761259
12,0,19.3991473602557,685.208003172947,52.1357057843858,23.7957719290199,4.46652003683675,-0.0527053651702538
12,0,29.0851742140135,746.339121263704,33.0167373091155,26.8664257164483,6.61757543963335,0.203580668682448
12,0,54.606649178872,478.910001514145,40.6868592468017,16.7482183455661,3.56852605261458,0.185096730044473
2.78459136445078,1,23.4813077728833,413.906584873114,34.5229098587375,18.9867537523955,4.83760389413587,0.201628420685151
12,0,36.3263289582295,631.920807343635,31.826555024115,29.1901020312606,7.09772909179403,0.0541576835790632
0.0990532785982343,1,18,591.444200344834,44.9007306378763,13.5589075339827,3.23221045141266,0.190675790454533
12,0,43.8548737661248,530.888400003431,28.6295937019063,12.4522098751117,6.11049736994221,0.118425123412803
1.5243794969474,1,28.6483607321677,703.085888142552,26.081633170278,15.2237272725797,4.03203921609739,0.271451726114429
12,0,36.434658621788,429.234479836437,34.3799726411274,21.4340554870838,6.27822689089951,0.147694729503394
12,0,39.8348464000496,712.446897100585,47.2419961117657,20.1595189258391,5.18323757436784,0.239871922197199
12,0,30.0946357089887,716.12206055372,46.4885453480916,27.5052456226457,7.14845577812287,0.0746801663303339
4.7627723819108,1,42.8194098860846,400.176934367806,42.6727796997147,22.1096616113579,3.35193439481541,0.303575245888188
12,0,31.2884435825017,609.89676801659,38.2006349020893,18.0886809875965,3.58383832399848,-0.105004292179201
12,0,44.113994303102,409.610215996185,41.2996660559351,21.2798528759349,7.22767380178376,0.176613928922395
12,0,44.4835655375392,383.342635562076,45.827769962553,22.8653677017741,5.28647392805832,0.111053323648011
5.87701927541012,1,40.3275079696324,674.040138544466,17.640428289322,24.0504507115658,3.56801726360889,0.194432474231635
8.75403292587229,1,49.5610519748094,617.584209708387,36.3298842933152,17.4284018590335,3.60391421864235,0.0762450128905087
10.0544098117693,1,34.6536164818566,372.612147957442,38.920204720716,12.8943215140961,4.92423647025253,0.238040887400175
8.70720767414949,1,19.9828841963647,555.083266163593,32.5369640348426,20.3297911179829,5.43331607562509,0.0818728610285899
5.78810272855345,1,18,698.439434689917,55.3811246638423,17.2609572850758,5.83335205443539,0.329501415168995
12,0,35.4237104238443,NA,56.6762349598118,15.2768525687465,5.42174989243852,0.187305531599647
12,0,47.8499031475191,448.310652032681,37.3226012169338,18.8766870529631,4.68248842853518,0.0297025639054749
5.27976438077804,1,53.1472789561872,510.304399179683,52.0969078002561,17.7613446100311,5.89211542863701,-0.11449985275003
12,0,52.2324938348458,557.125432016258,52.9652282059632,19.8105349250848,5.71208222252048,0.0982886118364325
12,0,27.6405868136632,471.947953275545,37.7871463386776,21.0847323669497,5.91529872372421,0.0515886532141366
12,0,37.9042758707137,339.648805397427,39.9663967846893,21.3501135528287,3.78244423121251,0.113060008359814
5.27676371577799,1,50.6052763134076,453.876892582879,34.6934881231242,18.7021359886425,4.48315657797508,0.216638370069231
12,0,34.8479907853103,483.951653820338,48.9586627014758,25.0060153385221,7.29462623634063,0.183165843159885
12,0,48.2428778481304,633.472612299591,31.5779331855113,16.4834155181439,4.88087280573601,0.149459946962281
12,0,39.2972075623473,580.530158476843,49.0356890137869,22.1747777900609,5.08497986680017,0.115809701458888
3.50902587956697,1,18,299.748014430683,52.0831620502123,23.8218632799682,3.28898671883398,0.17872823636074
3.60410705944009,1,35.5774660238534,478.246522848232,46.2187050145495,10.7529870274694,4.94773217859882,0.122225916283531
12,0,18,560.592889838802,46.7520136076066,17.2382037249516,3.13754599965304,-0.0878747430530944
12,0,44.3251733084109,484.304321179556,51.4518163163978,20.9586390744779,4.57354431942791,0.175923287995981
12,0,37.2269062276261,339.498884343237,43.5649495084857,20.186461119147,4.92544004394846,0.218038952400139
12,0,24.6120160641941,616.980015072357,44.9412886693025,26.8312867768611,5.95657193587923,0.203577158378044
12,0,44.8750112654532,521.92572200379,39.8209161719262,10.5259855511606,5.10528197672772,0.323454620137169
12,0,29.780766339088,408.519154491744,53.1701332394377,24.6347023478552,5.7208039073465,0.176792238483848
12,0,24.037298342934,763.882812698903,48.9009609585436,24.2115630111137,5.00707334076517,0.0856475947779887
12,0,48.992660209164,459.975059851039,50.6258265705742,23.2492516474325,4.94043594470302,0.07662494048793
12,0,30.3771073872996,485.954645423908,39.2914334255165,21.7923633628787,7.05138474619283,0.384679319257722
12,0,37.3004312209541,556.061505164775,45.6538408480865,27.5631387396075,4.36031791375233,0.232816171112738
12,0,42.8121828002686,623.920755386066,55.4620497858257,26.5175471293954,5.68385190685093,0.051045895222365
12,0,19.2342028987525,775.768009271323,35.0372229341464,22.9526579999098,3.49263859455043,0.211638432431506
12,0,27.5593083578456,540.121654808076,40.553839911132,25.3155322351569,5.75751186747924,0.256026282148798
12,0,18.5363355046151,NA,52.607688931058,22.0504696366286,5.83111311848059,0.0466351210364539
12,0,44.1432188021541,632.227499604482,27.4818902891494,22.8451338533855,4.76051266067427,0.217413503557563
12,0,24.7363897140146,456.140539156346,44.7388189806843,14.7931733444931,4.71506047933466,0.155576681869637
12,0,27.7443644827602,445.220291945817,48.6998162897643,29.537098269569,3.78885012597744,0.16851117484711
12,0,33.256253864639,647.220151764881,44.2347581083884,19.2455432574325,5.7383818422549,0.0196240531167973
12,0,30.3096201104847,532.553504281532,49.6269059778952,17.8780357786382,6.54844710381828,0.120058447755976
12,0,29.8345303453866,167.830537779258,51.8159242049357,20.2577338513307,4.59611815927976,0.128815863178466
12,0,22.5789617140496,586.904091167496,54.705389626449,8.75367742887843,6.41297860076327,0.162009632958742
12,0,44.4512905242317,511.317058710846,46.0815098753692,19.5109024493847,7.18849297528035,0.212419716027241
12,0,39.0056312449181,258.861019007219,41.6208099701713,26.1061767495494,4.86860178831517,0.093873659758208
12,0,18.3990393047499,736.09770965438,39.0206558893618,24.7765879740046,3.96700229757595,0.186824001351077
10.7897422057871,1,34.7424495283508,477.777156023857,54.9353820742647,11.7340445367912,6.2482385605806,0.204849089508285
12,0,35.4199971071373,638.228626263106,47.7723849612503,9.71755309573353,3.54594229747564,0.285955603986841
12,0,24.737137626139,610.961708990038,57.0587122637485,16.8851733814069,6.65591496785802,0.0652361988442718
9.25449099939763,1,45.7212481204455,535.04427958397,45.3935169870723,16.0757678654621,4.21082005789737,0.150709056876453
12,0,31.6887204993946,741.360544065685,48.6695907692589,19.1961947863207,7.05020020869058,0.0115937120772334
12,0,41.7515629360442,654.27660265196,37.1315504418055,23.5309176545339,4.445113615485,0.168201346490202
12,0,33.2281683126983,632.156146708308,258.101236887285,15.1119913079349,6.16616439144371,0.0884146644953197
12,0,38.3859771088897,568.725164382561,51.6202473774569,22.4879212706602,5.48303604798209,0.0639938022773859
12,0,33.190227112771,529.242279520324,41.153421714043,20.5235866059318,2.30106742921531,0.213623924194001
12,0,37.7075386612404,475.548312745384,61.0748042010256,17.4388488229184,3.37082632504445,0.135955705407896
12,0,22.7120958647974,449.299040143653,47.1778423469367,15.0747819950635,4.87979710477615,0.283938480971595
12,0,37.2537185664556,NA,50.0473869735936,16.5762655355075,4.9559372284662,0.22019401062761
12,0,34.8161275191069,633.913451812388,27.0643659753403,15.5986053524754,4.71074782880012,0.248518862403098
12,0,35.9398426932622,810.074819774914,56.4137929926051,17.940709969392,3.33554722550461,0.117683535679826
1.16850234801898,1,47.4251398941865,627.579285242401,46.8917341173131,26.503109622788,5.74165474697174,0.186642084444573
12,0,27.5988131661844,759.97616900493,38.695826339437,24.3766371843624,7.545438552392,0.240134412754171
9.0473303439206,1,35.0767568647229,541.922969416598,47.0798534146231,19.0283242814261,4.06261959535395,0.169334710456453
12,0,26.9710129923569,423.162874798329,57.2383755087233,16.7787231824085,3.39020177068995,0.319435194053635
6.1351855640611,1,57.9546939595872,399.58645445489,51.3854108527225,25.850600005869,6.20145504252635,0.0807557883382447
12,0,27.7704389650158,597.373344487058,53.5880418456181,18.9966898066477,6.33301850033604,0.141229427504538
12,0,35.1483733596344,484.088428112545,31.2800338728984,16.7183762422522,5.06341851587147,0.139961405583636
12,0,21.0478603803202,422.855198352117,59.4666985431662,17.3085457675452,7.03387750876324,-0.00255103020717548
12,0,22.1936006747564,691.814783245239,57.5359911713659,27.489861197763,6.21014068342948,0.0301147512491287
12,0,27.539037924275,625.725185884911,57.8906259922493,15.5713099981335,8.12205200456322,0.190226720545118
12,0,42.0832258451827,508.653067661443,30.6784008798368,19.131246871618,6.76327736796242,0.361823942112118
12,0,41.8424130552436,600.030514752661,59.5554941285182,18.4115251372265,3.93460239683567,0.109107247384898
12,0,25.9930632292811,514.057448327521,28.4668040098381,21.9311695164757,6.60434917390248,0.118673366080542
12,0,47.1943053791361,538.808058309334,49.6032498180915,12.7280979159791,4.64666174173638,0.24502244441656
12,0,25.7396412723588,456.493382956018,41.2189896097159,26.4608447454143,5.41108596939205,0.322536303393244
12,0,42.4433650194628,435.273796236111,63.3502176040316,20.6103370910539,7.33347475086342,-0.119130947992731
7.14927145362004,1,35.2743663017305,120,40.2410619324985,22.4043052084584,3.85578116598676,0.0405310522007283
12,0,29.253310650316,387.773410192769,54.4982912260737,18.1507356814343,4.06520078742656,0.349565862555474
6.61971817345021,1,54.904548276436,598.755687941253,37.0295969036046,15.5450531679954,5.57841760128974,0.056129470003077
12,0,18,490.63738289953,49.7869395364411,25.1232127312637,3.2004907400765,0.165308887936407
10.8671307822645,1,37.4187545761786,354.972646694691,48.8482224905273,23.7420240466733,4.77944059132669,0.110560472036496
12,0,18,569.052740589972,41.4541364946692,21.5559548778752,4.16069929590326,-0.0555688350627324
12,0,33.3045485366116,NA,34.6259260003853,20.2477015593076,3.02859883053161,0.17662410331074
12,0,18,672.956134299948,54.5097196274956,22.7186479815673,2.78447340499542,0.0306912277690197
12,0,45.9966911269145,605.311094708736,60.7896886237959,25.9162410236953,5.0710542681977,0.219342340453878
12,0,46.5415735831814,766.055694120065,48.6556173620726,19.6296150877048,4.37347829983955,-0.0508575602663418
12,0,23.9578361423508,481.976049401579,47.423820887028,29.3999432459374,4.60656683519236,0.17416681536795
12,0,28.9796364140685,456.97126189802,37.1099175960335,12.8262250654672,2.3708582718509,0.225145285850086
6.07507028134469,1,32.6932970790078,297.211444176814,34.2580146573689,8.93612683137362,3.68734253829444,0.0107526915393766
12,0,41.2789590721298,552.469775627724,42.4310108636853,12.6639464210594,5.34016896532083,0.067474269032493
8.01597974275029,1,51.5871194684349,696.566041547736,52.059972236638,22.5377642690748,7.89371756702759,0.105989930725004
3.14398538574362,1,43.0199463646608,581.423612907605,30.6445138313178,24.3579404762448,5.43840461285833,0.0778146697762864
12,0,26.1116923069393,697.400564968503,47.0129371832434,23.573892710545,5.3333853897346,0.223020483796109
12,0,62.203458842449,609.688880829949,129.900917337426,24.5853550924981,5.10284499426417,0.15679192230796
12,0,26.5957354842061,581.561625996205,49.4256350044977,14.0014299935064,5.41521890420701,0.241257830073582
12,0,33.6335851523441,653.987051077308,51.6575178604891,16.2924642531803,6.42809891698339,0.246746719898515
